date,description,expense,income,savings,username,user_id
1/1/2018,Amazon,11.11,82475,82463.89,Lilit,1
1/2/2018,Mortgage Payment,1247.44,32555,31307.56,Lilit,1
1/2/2018,Thai Restaurant,24.22,101738,101713.78,Lilit,1
1/3/2018,Credit Card Payment,2298.09,123424,121125.91,Lilit,1
1/4/2018,Netflix,11.76,171574,171562.24,Lilit,1
1/5/2018,American Tavern,25.85,100036,100010.15,Lilit,1
1/6/2018,Hardware Store,18.45,143250,143231.55,Lilit,1
1/8/2018,Gas Company,45,150980,150935,Lilit,1
1/8/2018,Hardware Store,15.38,192247,192231.62,Lilit,1
1/9/2018,Spotify,10.69,67932,67921.31,Elena,4
1/10/2018,Phone Company,89.46,280061,279971.54,Elena,4
1/11/2018,Shell,34.87,278036,278001.13,Elena,4
1/11/2018,Grocery Store,43.54,19226,19182.46,Elena,4
1/12/2018,Biweekly Paycheck,2000,254359,252359,Elena,4
1/13/2018,Pizza Place,32.91,302834,302801.09,Elena,4
1/13/2018,Amazon,39.05,647116,647076.95,Elena,4
1/15/2018,Grocery Store,44.19,421878,421833.81,Elena,4
1/15/2018,American Tavern,64.11,986379,986314.89,Elena,4
1/16/2018,City Water Charges,35,213047,213012,Elena,4
1/16/2018,Power Company,60,735566,735506,Elena,4
1/19/2018,Biweekly Paycheck,2000,366102,364102,Elena,4
1/20/2018,Amazon,50.21,809623,809572.79,Elena,4
1/22/2018,Credit Card Payment,554.99,467014,466459.01,Elena,4
1/22/2018,Credit Card Payment,309.81,668568,668258.19,Elena,4
1/22/2018,Credit Card Payment,554.99,339112,338557.01,Elena,4
1/22/2018,Hardware Store,17.38,622170,622152.62,Armen,2
1/23/2018,Credit Card Payment,309.81,434427,434117.19,Armen,2
1/24/2018,Starbucks,3,655846,655843,Armen,2
1/25/2018,Internet Service Provider,69.99,987935,987865.01,Armen,2
1/29/2018,Shell,30.42,702774,702743.58,Armen,2
1/29/2018,Thai Restaurant,25,225392,225367,Armen,2
1/29/2018,Brunch Restaurant,17.62,296573,296555.38,Armen,2
2/1/2018,Grocery Store,27.79,227702,227674.21,Armen,2
2/1/2018,Amazon,11.11,864090,864078.89,Armen,2
2/2/2018,Mortgage Payment,1247.44,440605,439357.56,Armen,2
2/2/2018,Biweekly Paycheck,2000,954660,952660,Armen,2
2/3/2018,Japanese Restaurant,57.02,255577,255519.98,Armen,2
2/4/2018,Netflix,11.76,337352,337340.24,Armen,2
2/5/2018,Credit Card Payment,145.14,660244,660098.86,Armen,2
2/6/2018,Credit Card Payment,154.13,401351,401196.87,Armen,2
2/7/2018,Credit Card Payment,154.13,678842,678687.87,Armen,2
2/7/2018,Gas Company,65,478861,478796,Armen,2
2/9/2018,Barbershop,30,804938,804908,Armen,2
2/9/2018,Spotify,10.69,888341,888330.31,Armen,2
2/10/2018,Bojangles,10.66,262414,262403.34,Armen,2
2/11/2018,Fancy Restaurant,106.8,249353,249246.2,Armen,2
2/12/2018,Shell,36.47,892016,891979.53,Armen,2
2/12/2018,Phone Company,89.52,313626,313536.48,Armen,2
2/14/2018,Brewing Company,14,314366,314352,Armen,2
2/15/2018,American Tavern,10,551340,551330,Armen,2
2/15/2018,Power Company,60,735037,734977,Armen,2
2/16/2018,Biweekly Paycheck,2000,574023,572023,Armen,2
2/16/2018,Brunch Restaurant,8,402300,402292,Armen,2
2/16/2018,City Water Charges,35,733125,733090,Armen,2
2/20/2018,Grocery Store,35.95,545977,545941.05,Armen,2
2/20/2018,Mexican Restaurant,23.51,371572,371548.49,Armen,2
2/21/2018,Starbucks,2,326283,326281,Armen,2
2/22/2018,Starbucks,4,279051,279047,Armen,2
2/26/2018,Credit Card Payment,765.37,900101,899335.63,Armen,2
2/26/2018,Credit Card Payment,156.11,545286,545129.89,Armen,2
2/26/2018,Credit Card Payment,765.37,722587,721821.63,Armen,2
2/26/2018,Internet Service Provider,74.99,411062,410987.01,Armen,2
2/26/2018,American Tavern,85.52,660910,660824.48,Armen,2
2/26/2018,Gas Station,32.21,557370,557337.79,Armen,2
2/27/2018,Credit Card Payment,156.11,549794,549637.89,Armen,2
3/1/2018,Grocery Store,32.07,340133,340100.93,Armen,2
3/1/2018,Amazon,13.13,265417,265403.87,Armen,2
3/2/2018,Mortgage Payment,1247.44,358185,356937.56,Armen,2
3/2/2018,Biweekly Paycheck,2000,991685,989685,Armen,2
3/3/2018,Grocery Store,23.74,533762,533738.26,Armen,2
3/4/2018,Grocery Store,10.69,829742,829731.31,Armen,2
3/4/2018,Netflix,11.76,441527,441515.24,Armen,2
3/4/2018,BBQ Restaurant,42.24,550782,550739.76,Armen,2
3/5/2018,Starbucks,3,835872,835869,Armen,2
3/5/2018,Credit Card Payment,761.59,540497,539735.41,Armen,2
3/5/2018,Credit Card Payment,761.59,525977,525215.41,Armen,2
3/7/2018,Starbucks,3.5,789393,789389.5,Armen,2
3/8/2018,BP,34.9,689478,689443.1,Armen,2
3/8/2018,Gas Company,52,499079,499027,Armen,2
3/9/2018,Grocery Store,20.72,665107,665086.28,Armen,2
3/9/2018,Grocery Store,5.09,998077,998071.91,Armen,2
3/9/2018,Spotify,10.69,934205,934194.31,Armen,2
3/12/2018,Grocery Store,19.35,823426,823406.65,Armen,2
3/12/2018,Phone Company,89.52,282910,282820.48,Armen,2
3/13/2018,Amazon,45.75,418675,418629.25,Armen,2
3/14/2018,Grocery Store,22.5,804949,804926.5,Armen,2
3/14/2018,Brunch Restaurant,8.49,686601,686592.51,Armen,2
3/15/2018,Starbucks,3.5,561220,561216.5,Armen,2
3/15/2018,Power Company,60,762534,762474,Armen,2
3/16/2018,Biweekly Paycheck,2000,327947,325947,Armen,2
3/17/2018,Brewing Company,19.5,492986,492966.5,Armen,2
3/17/2018,Pizza Place,23.34,369237,369213.66,Armen,2
3/19/2018,Mediterranean Restaurant,36.48,983839,983802.52,Armen,2
3/19/2018,City Water Charges,35,776716,776681,Armen,2
3/20/2018,Amazon,14.97,664632,664617.03,Armen,2
3/22/2018,BP,30.55,466727,466696.45,Armen,2
3/23/2018,Credit Card Payment,559.91,896384,895824.09,Armen,2
3/23/2018,Credit Card Payment,559.91,712001,711441.09,Armen,2
3/23/2018,Grocery Store,11.76,246865,246853.24,Armen,2
3/26/2018,Internet Service Provider,74.99,858729,858654.01,Armen,2
3/28/2018,Grocery Store,16.06,581882,581865.94,Armen,2
3/28/2018,Pizza Place,24.98,646426,646401.02,Armen,2
3/29/2018,Steakhouse,17.64,687088,687070.36,Armen,2
3/30/2018,Grocery Store,9.09,973026,973016.91,Armen,2
3/30/2018,Biweekly Paycheck,2000,944398,942398,Armen,2
3/31/2018,Belgian Restaurant,38.32,414422,414383.68,Armen,2
3/31/2018,Chili's,24.74,408503,408478.26,Armen,2
3/31/2018,Greek Restaurant,41.16,984466,984424.84,Armen,2
4/1/2018,Grocery Store,80.79,919997,919916.21,Armen,2
4/1/2018,Brewing Company,59.48,535101,535041.52,Armen,2
4/1/2018,Amazon,13.13,978301,978287.87,Armen,2
4/2/2018,Credit Card Payment,817.14,880406,879588.86,Armen,2
4/2/2018,Credit Card Payment,817.14,447241,446423.86,Armen,2
4/2/2018,Grocery Store,82.36,382191,382108.64,Armen,2
4/2/2018,Hardware Store,13.89,775859,775845.11,Armen,2
4/2/2018,Mortgage Payment,1247.44,832637,831389.56,Armen,2
4/3/2018,Amazon Video,6.41,458526,458519.59,Armen,2
4/4/2018,Credit Card Payment,363.08,440995,440631.92,Armen,2
4/4/2018,Credit Card Payment,363.08,490128,489764.92,Armen,2
4/4/2018,Netflix,11.76,897079,897067.24,Armen,2
4/6/2018,Chevron,4.58,431948,431943.42,Armen,2
4/6/2018,Tiny Deli,9.76,228072,228062.24,Armen,2
4/8/2018,Irish Pub,22,757649,757627,Armen,2
4/9/2018,Blue Sky Market,6.48,919877,919870.52,Armen,2
4/9/2018,Spotify,10.69,605615,605604.31,Armen,2
4/9/2018,Gas Company,30,500852,500822,Armen,2
4/11/2018,Phone Company,89.52,488136,488046.48,Armen,2
4/12/2018,Starbucks,7,937828,937821,Armen,2
4/12/2018,Barbershop,30,315873,315843,Armen,2
4/13/2018,BP,37.98,567623,567585.02,Armen,2
4/13/2018,Biweekly Paycheck,2000,555123,553123,Armen,2
4/13/2018,American Tavern,10.66,498843,498832.34,Armen,2
4/14/2018,Hardware Store,11.61,752610,752598.39,Armen,2
4/14/2018,American Tavern,41,494540,494499,Armen,2
4/16/2018,State Farm,75,996754,996679,Armen,2
4/16/2018,City Water Charges,35,245572,245537,Armen,2
4/18/2018,Power Company,60,974384,974324,Armen,2
4/20/2018,Thai Restaurant,24.22,846635,846610.78,Armen,2
4/21/2018,Grocery Store,4.32,635473,635468.68,Armen,2
4/21/2018,American Tavern,35.15,224510,224474.85,Armen,2
4/22/2018,Grocery Store,21.32,478671,478649.68,Armen,2
4/23/2018,Hardware Store,42.7,990700,990657.3,Armen,2
4/24/2018,Hardware Store,224.7,228565,228340.3,Armen,2
4/24/2018,Amazon,41.34,297732,297690.66,Armen,2
4/25/2018,Hardware Store,210.79,559262,559051.21,Armen,2
4/25/2018,Internet Service Provider,74.99,809907,809832.01,Armen,2
4/26/2018,Credit Card Payment,769.72,428316,427546.28,Armen,2
4/26/2018,Credit Card Payment,1216.94,275065,273848.06,Armen,2
4/26/2018,Credit Card Payment,1216.94,845653,844436.06,Armen,2
4/27/2018,Credit Card Payment,769.72,236296,235526.28,Armen,2
4/27/2018,Biweekly Paycheck,2000,440572,438572,Armen,2
4/28/2018,Grocery Store,22.98,478115,478092.02,Armen,2
4/29/2018,QuikTrip,39,897621,897582,Armen,2
4/29/2018,Grocery Store,51.05,554281,554229.95,Armen,2
4/29/2018,Hardware Store,68.47,245452,245383.53,Armen,2
4/30/2018,Grocery Store,5.09,365045,365039.91,Armen,2
5/1/2018,Amazon,13.13,496047,496033.87,Armen,2
5/2/2018,Mortgage Payment,1247.44,466814,465566.56,Armen,2
5/3/2018,Amazon,49.72,835177,835127.28,Armen,2
5/4/2018,Grocery Store,42.23,219698,219655.77,Armen,2
5/4/2018,Netflix,11.76,784541,784529.24,Armen,2
5/5/2018,Bojangles,7.27,576994,576986.73,Armen,2
5/5/2018,Pizza Place,20.52,464663,464642.48,Armen,2
5/6/2018,Hardware Store,22.37,380270,380247.63,Armen,2
5/6/2018,Amazon,117.69,772082,771964.31,Armen,2
5/9/2018,Credit Card Payment,601.4,230853,230251.6,Armen,2
5/9/2018,Credit Card Payment,601.4,677654,677052.6,Armen,2
5/9/2018,Spotify,10.69,929247,929236.31,Armen,2
5/9/2018,Gas Company,30,851374,851344,Armen,2
5/10/2018,Phone Company,111.18,637600,637488.82,Armen,2
5/11/2018,Grocery Store,57.32,681749,681691.68,Armen,2
5/11/2018,Biweekly Paycheck,2000,847958,845958,Armen,2
5/11/2018,Mike's Construction Co.,8000,877569,869569,Armen,2
5/12/2018,Liquor Store,27.77,450413,450385.23,Armen,2
5/12/2018,Shell,33.3,219041,219007.7,Armen,2
5/12/2018,Fancy Restaurant,78,866572,866494,Armen,2
5/14/2018,Grocery Store,67.63,570791,570723.37,Armen,2
5/15/2018,Power Company,60,705464,705404,Armen,2
5/17/2018,Barbershop,29,806821,806792,Armen,2
5/17/2018,City Water Charges,35,515472,515437,Armen,2
5/18/2018,State Farm,75,352207,352132,Armen,2
5/18/2018,Amazon,6.41,342761,342754.59,Armen,2
5/19/2018,Credit Card Payment,207.08,249099,248891.92,Armen,2
5/19/2018,Grocery Store,31,995634,995603,Armen,2
5/19/2018,Greek Restaurant,23.26,435097,435073.74,Armen,2
5/21/2018,Credit Card Payment,283.07,797815,797531.93,Armen,2
5/21/2018,Thai Restaurant,26.04,326922,326895.96,Mari,3
5/21/2018,Amazon,32.5,396241,396208.5,Mari,3
5/22/2018,Credit Card Payment,283.07,486949,486665.93,Mari,3
5/24/2018,BP,39.44,333483,333443.56,Mari,3
5/25/2018,Internet Service Provider,74.99,612572,612497.01,Mari,3
5/25/2018,Biweekly Paycheck,2000,327244,325244,Mari,3
5/28/2018,Movie Theater,9.62,955468,955458.38,Mari,3
5/28/2018,Grocery Store,91.03,927864,927772.97,Mari,3
5/29/2018,Movie Theater,20,555220,555200,Mari,3
5/29/2018,Movie Theater,6.25,952640,952633.75,Mari,3
6/1/2018,BP,38.63,695749,695710.37,Mari,3
6/1/2018,Grocery Store,6.11,365724,365717.89,Mari,3
6/1/2018,Amazon,13.13,738108,738094.87,Mari,3
6/2/2018,Credit Card Payment,235.18,650785,650549.82,Mari,3
6/2/2018,Credit Card Payment,466.36,611486,611019.64,Mari,3
6/3/2018,Italian Restaurant,65.81,965721,965655.19,Mari,3
6/4/2018,Credit Card Payment,235.18,413052,412816.82,Mari,3
6/4/2018,Grocery Store,24.12,584822,584797.88,Mari,3
6/4/2018,Mortgage Payment,1247.44,980146,978898.56,Mari,3
6/4/2018,Netflix,11.76,926072,926060.24,Mari,3
6/6/2018,Starbucks,4,482394,482390,Mari,3
6/8/2018,Biweekly Paycheck,2000,718346,716346,Mari,3
6/8/2018,Gas Company,30,491598,491568,Mari,3
6/9/2018,Chick-Fil-A,16.18,848852,848835.82,Mari,3
6/9/2018,Grocery Store,9.56,396139,396129.44,Mari,3
6/9/2018,Spotify,10.69,856974,856963.31,Mari,3
6/10/2018,Grocery Store,46.01,855990,855943.99,Mari,3
6/12/2018,Grocery Store,12.55,924776,924763.45,Mari,3
6/12/2018,Phone Company,89.46,204850,204760.54,Mari,3
6/14/2018,Credit Card Payment,283.44,780669,780385.56,Mari,3
6/14/2018,Credit Card Payment,283.44,887442,887158.56,Mari,3
6/14/2018,Grocery Store,7.02,297820,297812.98,Mari,3
6/15/2018,Power Company,60,687879,687819,Mari,3
6/16/2018,Starbucks,3,738456,738453,Mari,3
6/16/2018,Pizza Place,22.66,378535,378512.34,Mari,3
6/16/2018,Grocery Store,13.9,334116,334102.1,Mari,3
6/18/2018,City Water Charges,35,772360,772325,Mari,3
6/19/2018,Shell,38.52,580796,580757.48,Mari,3
6/19/2018,Grocery Store,2.69,855465,855462.31,Mari,3
6/20/2018,State Farm,75,978989,978914,Mari,3
6/20/2018,Credit Card Payment,89.45,451874,451784.55,Mari,3
6/20/2018,Barbershop,30,670750,670720,Mari,3
6/21/2018,Credit Card Payment,89.45,977951,977861.55,Mari,3
6/22/2018,Biweekly Paycheck,2000,403466,401466,Mari,3
6/23/2018,Brunch Restaurant,8.5,861177,861168.5,Mari,3
6/23/2018,Amazon,74.97,528612,528537.03,Mari,3
6/25/2018,Credit Card Payment,942.76,339670,338727.24,Mari,3
6/25/2018,Credit Card Payment,942.76,963751,962808.24,Mari,3
6/25/2018,Internet Service Provider,74.99,761930,761855.01,Mari,3
6/26/2018,Grocery Store,9.62,852806,852796.38,Mari,3
6/27/2018,Starbucks,3.5,207755,207751.5,Mari,3
6/27/2018,Pizza Place,22.66,489540,489517.34,Mari,3
6/28/2018,Grocery Store,7.57,274395,274387.43,Mari,3
7/1/2018,Amazon,13.13,566945,566931.87,Mari,3
7/2/2018,Mortgage Payment,1247.44,705690,704442.56,Mari,3
7/2/2018,Movie Theater,25,894888,894863,Mari,3
7/2/2018,American Tavern,36.44,811899,811862.56,Mari,3
7/4/2018,BP,34.48,677645,677610.52,Mari,3
7/4/2018,Netflix,11.76,326162,326150.24,Mari,3
7/5/2018,Grocery Store,44.25,316946,316901.75,Mari,3
7/5/2018,Amazon,212.32,622373,622160.68,Mari,3
7/6/2018,Amazon Video,6.41,640653,640646.59,Mari,3
7/6/2018,Biweekly Paycheck,2000,745493,743493,Mari,3
7/8/2018,Credit Card Payment,259.87,868021,867761.13,Mari,3
7/9/2018,Credit Card Payment,242.16,284923,284680.84,Mari,3
7/9/2018,Credit Card Payment,259.87,814422,814162.13,Mari,3
7/9/2018,Spotify,10.69,599741,599730.31,Mari,3
7/10/2018,Credit Card Payment,242.16,804560,804317.84,Mari,3
7/10/2018,Grocery Store,5.39,996291,996285.61,Mari,3
7/10/2018,Gas Company,30,477553,477523,Mari,3
7/11/2018,Phone Company,89.46,216028,215938.54,Mari,3
7/14/2018,Go Mart,33.51,275427,275393.49,Mari,3
7/15/2018,Circle K,36.24,722048,722011.76,Mari,3
7/17/2018,Wendy's,15.23,292365,292349.77,Mari,3
7/17/2018,City Water Charges,35,400393,400358,Mari,3
7/17/2018,Power Company,60,219720,219660,Mari,3
7/18/2018,Irish Restaurant,28.54,981404,981375.46,Mari,3
7/18/2018,State Farm,75,639670,639595,Mari,3
7/20/2018,Credit Card Payment,61.43,814333,814271.57,Mari,3
7/20/2018,Credit Card Payment,102.88,569582,569479.12,Mari,3
7/20/2018,Credit Card Payment,102.88,954111,954008.12,Mari,3
7/20/2018,Biweekly Paycheck,2000,635267,633267,Mari,3
7/21/2018,Grocery Store,28.93,393651,393622.07,Mari,3
7/21/2018,Barbershop,30,572306,572276,Mari,3
7/23/2018,Credit Card Payment,61.43,407647,407585.57,Mari,3
7/23/2018,Starbucks,9.58,734396,734386.42,Mari,3
7/24/2018,American Tavern,26.59,224414,224387.41,Mari,3
7/25/2018,Internet Service Provider,74.99,203194,203119.01,Mari,3
7/26/2018,Conoco,33.67,250410,250376.33,Mari,3
7/28/2018,Grocery Store,7.61,830697,830689.39,Mari,3
7/30/2018,American Tavern,34.38,790800,790765.62,Mari,3
7/31/2018,Brewing Company,6.6,638570,638563.4,Mari,3
8/1/2018,Amazon,13.13,380409,380395.87,Mari,3
8/2/2018,Credit Card Payment,816.27,601631,600814.73,Mari,3
8/2/2018,Shell,40.44,690534,690493.56,Mari,3
8/2/2018,Mortgage Payment,1247.44,423661,422413.56,Mari,3
8/3/2018,Grocery Store,6.27,936294,936287.73,Mari,3
8/3/2018,Biweekly Paycheck,2000,537050,535050,Mari,3
8/4/2018,Netflix,11.76,899343,899331.24,Mari,3
8/6/2018,Amazon,76.47,834691,834614.53,Mari,3
8/9/2018,Spotify,10.69,240216,240205.31,Mari,3
8/9/2018,Gas Company,30,424370,424340,Mari,3
8/10/2018,Phone Company,89.4,593991,593901.6,Mari,3
8/11/2018,Chick-Fil-A,13.67,768467,768453.33,Mari,3
8/11/2018,Valero,33.66,781959,781925.34,Mari,3
8/15/2018,Credit Card Payment,269.56,553907,553637.44,Mari,3
8/15/2018,Credit Card Payment,159.38,308622,308462.62,Mari,3
8/15/2018,Shell,41.07,912334,912292.93,Mari,3
8/15/2018,Grocery Store,5.64,586474,586468.36,Mari,3
8/15/2018,Power Company,60,521237,521177,Mari,3
8/16/2018,Credit Card Payment,269.56,446266,445996.44,Mari,3
8/16/2018,City Water Charges,35,511168,511133,Mari,3
8/17/2018,Biweekly Paycheck,2000,608438,606438,Mari,3
8/17/2018,Amazon,14.98,973519,973504.02,Mari,3
8/18/2018,Amazon,23.47,688577,688553.53,Mari,3
8/20/2018,State Farm,75,686619,686544,Mari,3
8/21/2018,Credit Card Payment,34.18,255982,255947.82,Mari,3
8/21/2018,Credit Card Payment,99.76,464656,464556.24,Mari,3
8/21/2018,Credit Card Payment,99.76,212319,212219.24,Mari,3
8/22/2018,Credit Card Payment,34.18,307563,307528.82,Mari,3
8/24/2018,American Tavern,42.31,407564,407521.69,Mari,3
8/27/2018,Internet Service Provider,74.99,331349,331274.01,Mari,3
8/30/2018,Shell,35.65,391325,391289.35,Mari,3
8/31/2018,Grocery Store,11.64,530244,530232.36,Mari,3
8/31/2018,Biweekly Paycheck,2000,668736,666736,Mari,3
9/1/2018,Brewing Company,47.4,517448,517400.6,Mari,3
9/1/2018,Amazon,13.13,788531,788517.87,Mari,3
9/2/2018,Amazon,109.83,474729,474619.17,Mari,3
9/4/2018,Credit Card Payment,687.29,590841,590153.71,Mari,3
9/4/2018,Credit Card Payment,687.29,608427,607739.71,Mari,3
9/4/2018,Mortgage Payment,1247.44,719835,718587.56,Mari,3
9/4/2018,Netflix,11.76,375139,375127.24,Mari,3
9/7/2018,Gas Company,30,229589,229559,Mari,3
9/9/2018,Brewing Company,18,376453,376435,Mari,3
9/9/2018,Spotify,10.69,360009,359998.31,Mari,3
9/11/2018,BP,38.86,770346,770307.14,Mari,3
9/11/2018,Grocery Store,7.87,489043,489035.13,Mari,3
9/12/2018,Grocery Store,47.16,503037,502989.84,Mari,3
9/12/2018,Phone Company,89.4,731261,731171.6,Mari,3
9/13/2018,Grocery Store,5.64,262755,262749.36,Mari,3
9/14/2018,Credit Card Payment,134.34,825475,825340.66,Mari,3
9/14/2018,Biweekly Paycheck,2000,922630,920630,Mari,3
9/17/2018,Grocery Store,10.17,752172,752161.83,Mari,3
9/17/2018,Grocery Store,8.8,418009,418000.2,Mari,3
9/17/2018,City Water Charges,35,994537,994502,Mari,3
9/18/2018,Grocery Store,4.32,922206,922201.68,Mari,3
9/18/2018,Power Company,60,389097,389037,Mari,3
9/19/2018,State Farm,75,880778,880703,Mari,3
9/19/2018,Barbershop,30,327971,327941,Mari,3
9/20/2018,Amazon,47.38,689201,689153.62,Mari,3
9/22/2018,Hardware Store,69.4,792440,792370.6,Mari,3
9/22/2018,Hardware Store,6.83,602222,602215.17,Mari,3
9/25/2018,Internet Service Provider,74.99,502399,502324.01,Mari,3
9/25/2018,Sushi Restaurant,48.64,272804,272755.36,Mari,3
9/26/2018,Starbucks,5,613280,613275,Mari,3
9/26/2018,Exxon,38,876491,876453,Mari,3
9/27/2018,Valero,40.71,820217,820176.29,Mari,3
9/28/2018,Credit Card Payment,128.12,994184,994055.88,Mari,3
9/28/2018,Credit Card Payment,284.96,515263,514978.04,Mari,3
9/28/2018,Credit Card Payment,284.96,338527,338242.04,Mari,3
9/28/2018,Grocery Store,13.36,934683,934669.64,Mari,3
9/28/2018,Biweekly Paycheck,2000,454570,452570,Mari,3
9/29/2018,Greek Restaurant,23.26,654519,654495.74,Mari,3
9/29/2018,German Restaurant,46.7,958047,958000.3,Mari,3
10/1/2018,Starbucks,3,465281,465278,Lilit,1
10/1/2018,Credit Card Payment,128.12,653161,653032.88,Lilit,1
10/1/2018,Grocery Store,15.66,307350,307334.34,Lilit,1
10/1/2018,Amazon,13.13,41002,40988.87,Lilit,1
10/2/2018,Credit Card Payment,124.03,34743,34618.97,Lilit,1
10/2/2018,Credit Card Payment,124.03,195589,195464.97,Lilit,1
10/2/2018,Mortgage Payment,1209.18,204735,203525.82,Lilit,1
10/4/2018,Netflix,11.76,118112,118100.24,Lilit,1
10/6/2018,American Tavern,27,61572,61545,Lilit,1
10/8/2018,Shell,38.06,274938,274899.94,Lilit,1
10/8/2018,Hardware Store,80.65,43854,43773.35,Lilit,1
10/8/2018,Hardware Store,31.2,8798,8766.8,Lilit,1
10/9/2018,Spotify,10.69,192241,192230.31,Lilit,1
10/9/2018,Amazon,19.98,128164,128144.02,Lilit,1
10/9/2018,Gas Company,30,249061,249031,Lilit,1
10/10/2018,Grocery Store,53.68,275283,275229.32,Lilit,1
10/11/2018,Phone Company,89.4,172194,172104.6,Lilit,1
10/12/2018,Biweekly Paycheck,2000,13162,11162,Lilit,1
10/16/2018,Power Company,60,3427,3367,Lilit,1
10/17/2018,City Water Charges,35,171374,171339,Lilit,1
10/18/2018,State Farm,75,286251,286176,Lilit,1
10/18/2018,Grocery Store,33.55,123417,123383.45,Lilit,1
10/18/2018,Hardware Store,45.24,81088,81042.76,Lilit,1
10/18/2018,Brunch Restaurant,8,64113,64105,Lilit,1
10/21/2018,Credit Card Payment,544.37,54374,53829.63,Lilit,1
10/22/2018,Credit Card Payment,353.83,175515,175161.17,Lilit,1
10/22/2018,Credit Card Payment,353.83,78773,78419.17,Lilit,1
10/22/2018,BP,34.66,143515,143480.34,Lilit,1
10/23/2018,Grocery Store,7.57,263613,263605.43,Lilit,1
10/25/2018,Internet Service Provider,74.99,265434,265359.01,Lilit,1
10/25/2018,Amazon,29.98,87839,87809.02,Lilit,1
10/26/2018,Biweekly Paycheck,2000,60905,58905,Lilit,1
10/27/2018,American Tavern,25.4,199726,199700.6,Lilit,1
10/28/2018,Brewing Company,12.71,267896,267883.29,Lilit,1
10/28/2018,Seafood Restaurant,14.75,198937,198922.25,Lilit,1
10/28/2018,Grocery Store,92.49,90745,90652.51,Lilit,1
10/28/2018,Italian Restaurant,54,86676,86622,Lilit,1
10/31/2018,Grocery Store,5.64,163574,163568.36,Lilit,1
11/1/2018,Amazon,13.13,2138,2124.87,Lilit,1
11/2/2018,Credit Card Payment,262.51,253749,253486.49,Lilit,1
11/2/2018,Credit Card Payment,262.51,60187,59924.49,Lilit,1
11/2/2018,Mortgage Payment,1209.18,15566,14356.82,Lilit,1
11/3/2018,Pizza Place,23.66,242144,242120.34,Lilit,1
11/4/2018,Netflix,11.76,114049,114037.24,Lilit,1
11/5/2018,Shell,36.51,100992,100955.49,Lilit,1
11/6/2018,Amazon,53.95,173017,172963.05,Lilit,1
11/6/2018,Gas Company,30,279567,279537,Lilit,1
11/8/2018,Grocery Store,5.64,25016,25010.36,Lilit,1
11/9/2018,Spotify,10.69,157982,157971.31,Lilit,1
11/9/2018,Biweekly Paycheck,2000,240387,238387,Lilit,1
11/10/2018,Brewing Company,27,134030,134003,Lilit,1
11/10/2018,Chick-Fil-A,14.19,108651,108636.81,Lilit,1
11/10/2018,Food Truck,24.4,138617,138592.6,Lilit,1
11/12/2018,Grocery Store,10.18,98963,98952.82,Lilit,1
11/12/2018,American Tavern,22.33,25486,25463.67,Lilit,1
11/13/2018,Grocery Store,4.8,231140,231135.2,Lilit,1
11/13/2018,Grocery Store,37.43,20032,19994.57,Lilit,1
11/13/2018,Grocery Store,10.15,293938,293927.85,Lilit,1
11/13/2018,Phone Company,89.54,88175,88085.46,Lilit,1
11/14/2018,Power Company,60,105297,105237,Lilit,1
11/16/2018,City Water Charges,35,129169,129134,Lilit,1
11/17/2018,Brewing Company,22.8,172386,172363.2,Lilit,1
11/17/2018,Hardware Store,15.47,46369,46353.53,Lilit,1
11/17/2018,Hardware Store,6.4,158636,158629.6,Lilit,1
11/17/2018,Greek Restaurant,23.26,87219,87195.74,Lilit,1
11/19/2018,Brewing Company,20,183445,183425,Lilit,1
11/19/2018,QuikTrip,29.15,147977,147947.85,Lilit,1
11/19/2018,Hardware Store,10.02,243279,243268.98,Lilit,1
11/20/2018,State Farm,75,243950,243875,Lilit,1
11/20/2018,Credit Card Payment,421.96,32548,32126.04,Lilit,1
11/21/2018,Grocery Store,5.64,118126,118120.36,Lilit,1
11/21/2018,Hardware Store,37.41,13325,13287.59,Lilit,1
11/23/2018,Biweekly Paycheck,2000,295055,293055,Lilit,1
11/26/2018,American Tavern,16.8,64764,64747.2,Lilit,1
11/26/2018,Internet Service Provider,74.99,174520,174445.01,Lilit,1
11/27/2018,Movie Theater,17,72763,72746,Lilit,1
11/27/2018,American Tavern,28.4,269809,269780.6,Lilit,1
11/29/2018,Credit Card Payment,582.99,81145,80562.01,Lilit,1
11/29/2018,Credit Card Payment,751.5,25948,25196.5,Lilit,1
11/30/2018,Credit Card Payment,582.99,120188,119605.01,Lilit,1
11/30/2018,Grocery Store,6.27,8259,8252.73,Lilit,1
12/1/2018,Grocery Store,5.64,285830,285824.36,Lilit,1
12/1/2018,Brunch Restaurant,8,67039,67031,Lilit,1
12/1/2018,Amazon,13.13,14370,14356.87,Lilit,1
12/3/2018,BP,30.03,54304,54273.97,Lilit,1
12/3/2018,Grocery Store,148.15,188856,188707.85,Lilit,1
12/3/2018,Mortgage Payment,1209.18,44635,43425.82,Lilit,1
12/4/2018,Starbucks,3,227273,227270,Lilit,1
12/4/2018,Latin Restaurant,20.65,234200,234179.35,Lilit,1
12/4/2018,Netflix,11.76,79053,79041.24,Lilit,1
12/6/2018,Grocery Store,21.38,49711,49689.62,Lilit,1
12/6/2018,Grocery Store,13.48,203463,203449.52,Lilit,1
12/6/2018,Gas Company,40,196985,196945,Lilit,1
12/7/2018,Barbershop,30,246457,246427,Lilit,1
12/7/2018,Biweekly Paycheck,2000,88344,86344,Lilit,1
12/8/2018,Grocery Store,12.64,167457,167444.36,Lilit,1
12/9/2018,Spotify,10.69,254598,254587.31,Lilit,1
12/11/2018,Brunch Restaurant,10.29,102486,102475.71,Lilit,1
12/12/2018,Phone Company,89.54,159428,159338.46,Lilit,1
12/13/2018,Thai Restaurant,27,296987,296960,Lilit,1
12/14/2018,Grocery Store,21.39,89418,89396.61,Lilit,1
12/14/2018,Hardware Store,17.1,77247,77229.9,Lilit,1
12/14/2018,Power Company,60,66542,66482,Lilit,1
12/17/2018,American Tavern,63,194526,194463,Lilit,1
12/17/2018,BP,20.01,178119,178098.99,Lilit,1
12/17/2018,City Water Charges,35,258653,258618,Lilit,1
12/18/2018,Starbucks,3,97425,97422,Lilit,1
12/18/2018,Credit Card Payment,311.02,223185,222873.98,Lilit,1
12/18/2018,Credit Card Payment,311.02,224750,224438.98,Lilit,1
12/18/2018,Fancy Restaurant,56.52,103363,103306.48,Lilit,1
12/18/2018,Amazon,49.99,49090,49040.01,Lilit,1
12/18/2018,Amazon,41.72,140584,140542.28,Lilit,1
12/18/2018,Amazon,24.3,61272,61247.7,Lilit,1
12/19/2018,State Farm,75,25200,25125,Lilit,1
12/19/2018,Amazon,43.01,249893,249849.99,Lilit,1
12/20/2018,Credit Card Payment,464.03,91325,90860.97,Lilit,1
12/20/2018,Shell,30.38,81641,81610.62,Lilit,1
12/21/2018,Credit Card Payment,464.03,267700,267235.97,Lilit,1
12/21/2018,Biweekly Paycheck,2000,193429,191429,Lilit,1
12/22/2018,New York Deli,21.38,97674,97652.62,Lilit,1
12/22/2018,Hardware Store,22.14,222579,222556.86,Lilit,1
12/23/2018,Hardware Store,28,194846,194818,Lilit,1
12/24/2018,Hardware Store,38.4,62690,62651.6,Lilit,1
12/26/2018,Chick-Fil-A,56.07,225614,225557.93,Lilit,1
12/26/2018,Shell,32.47,13879,13846.53,Lilit,1
12/26/2018,Shell,7.48,279579,279571.52,Lilit,1
12/26/2018,Internet Service Provider,75.99,253183,253107.01,Lilit,1
12/26/2018,Amazon,44.99,183197,183152.01,Lilit,1
12/28/2018,Brewing Company,12,260046,260034,Lilit,1
12/29/2018,Brewing Company,14,95981,95967,Lilit,1
12/29/2018,Credit Card Payment,860.05,157399,156538.95,Lilit,1
12/29/2018,Grocery Store,55.04,140041,139985.96,Lilit,1
1/1/2019,Amazon,13.09,288339,288325.91,Lilit,1
1/2/2019,Credit Card Payment,499.6,49494,48994.4,Lilit,1
1/3/2019,Mortgage Payment,1100,43954,42854,Lilit,1
1/3/2019,Amazon,42.1,35543,35500.9,Lilit,1
1/4/2019,Biweekly Paycheck,2000,12982,10982,Lilit,1
1/5/2019,American Tavern,23.49,213140,213116.51,Lilit,1
1/8/2019,Gas Company,45,95741,95696,Lilit,1
1/9/2019,Credit Card Payment,491.45,129144,128652.55,Lilit,1
1/9/2019,Credit Card Payment,491.45,115551,115059.55,Lilit,1
1/9/2019,Credit Card Payment,281.84,57961,57679.16,Lilit,1
1/9/2019,Spotify,10.69,209527,209516.31,Lilit,1
1/10/2019,Grocery Store,58.79,15892,15833.21,Lilit,1
1/10/2019,Barbershop,30,155659,155629,Lilit,1
1/10/2019,Phone Company,65,246215,246150,Lilit,1
1/14/2019,Shell,28.92,149465,149436.08,Lilit,1
1/15/2019,Grocery Store,6.06,259694,259687.94,Lilit,1
1/16/2019,City Water Charges,35,70009,69974,Lilit,1
1/16/2019,Power Company,60,233391,233331,Lilit,1
1/18/2019,State Farm,75,35002,34927,Lilit,1
1/18/2019,Biweekly Paycheck,2000,156519,154519,Lilit,1
1/21/2019,Credit Card Payment,277.99,286786,286508.01,Lilit,1
1/22/2019,Credit Card Payment,277.99,173244,172966.01,Lilit,1
1/24/2019,Grocery Store,21.06,195804,195782.94,Lilit,1
1/24/2019,Amazon,11.7,162827,162815.3,Lilit,1
1/24/2019,Amazon,4.21,20036,20031.79,Lilit,1
1/25/2019,Internet Service Provider,75,266125,266050,Lilit,1
1/31/2019,Credit Card Payment,1900,156531,154631,Lilit,1
1/31/2019,Shell,31.32,288673,288641.68,Lilit,1
2/1/2019,Biweekly Paycheck,2000,67474,65474,Lilit,1
2/1/2019,Roadside Diner,9.47,220674,220664.53,Lilit,1
2/1/2019,Amazon,13.09,282988,282974.91,Lilit,1
2/4/2019,Hardware Store,86.97,206308,206221.03,Lilit,1
2/4/2019,Netflix,11.76,243074,243062.24,Lilit,1
2/5/2019,Mortgage Payment,1100,247181,246081,Lilit,1
2/7/2019,Gas Company,65,111842,111777,Lilit,1
2/8/2019,Starbucks,3,277079,277076,Lilit,1
2/8/2019,Thai Restaurant,27.47,218638,218610.53,Lilit,1
2/9/2019,Spotify,10.69,152216,152205.31,Lilit,1
2/11/2019,Starbucks,3,42620,42617,Lilit,1
2/11/2019,Credit Card Payment,133.95,101639,101505.05,Lilit,1
2/11/2019,BP,24.01,102966,102941.99,Lilit,1
2/12/2019,Grocery Store,30.54,127650,127619.46,Lilit,1
2/12/2019,Phone Company,65,277737,277672,Lilit,1
2/13/2019,Grocery Store,8.21,251805,251796.79,Lilit,1
2/15/2019,Credit Card Payment,207.47,288284,288076.53,Lilit,1
2/15/2019,Credit Card Payment,207.47,125290,125082.53,Lilit,1
2/15/2019,Grocery Store,4.59,166602,166597.41,Lilit,1
2/15/2019,Biweekly Paycheck,2000,219097,217097,Lilit,1
2/15/2019,Power Company,60,34082,34022,Lilit,1
2/16/2019,Brewing Company,8,20573,20565,Lilit,1
2/16/2019,American Tavern,32.75,245056,245023.25,Lilit,1
2/16/2019,Amazon,37.45,131847,131809.55,Lilit,1
2/19/2019,Credit Card Payment,574.84,276873,276298.16,Lilit,1
2/19/2019,City Water Charges,35,138342,138307,Lilit,1
2/20/2019,State Farm,75,137292,137217,Lilit,1
2/20/2019,Credit Card Payment,292.54,147750,147457.46,Lilit,1
2/20/2019,Barbershop,30,2397,2367,Lilit,1
2/21/2019,Credit Card Payment,292.54,31051,30758.46,Lilit,1
2/21/2019,Grocery Store,46.96,55137,55090.04,Lilit,1
2/25/2019,BP,33.8,136040,136006.2,Lilit,1
2/25/2019,Internet Service Provider,75,181721,181646,Lilit,1
2/27/2019,Roadside Diner,25.77,81753,81727.23,Lilit,1
2/28/2019,Grocery Store,32.07,266386,266353.93,Lilit,1
3/1/2019,Biweekly Paycheck,2000,259008,257008,Lilit,1
3/1/2019,Amazon,13.09,250995,250981.91,Lilit,1
3/4/2019,Grocery Store,92.04,232155,232062.96,Lilit,1
3/4/2019,Mortgage Payment,1100,48012,46912,Lilit,1
3/4/2019,Netflix,11.76,296543,296531.24,Lilit,1
3/5/2019,Fancy Restaurant,7,246893,246886,Lilit,1
3/6/2019,Credit Card Payment,491.86,95807,95315.14,Lilit,1
3/8/2019,BP,34.08,165278,165243.92,Lilit,1
3/8/2019,Amazon,27.17,191618,191590.83,Lilit,1
3/8/2019,Gas Company,49,159718,159669,Lilit,1
3/9/2019,Spotify,10.69,213552,213541.31,Lilit,1
3/12/2019,Phone Company,65,249061,248996,Lilit,1
3/12/2019,Bakery Place,3.02,279377,279373.98,Lilit,1
3/13/2019,Credit Card Payment,532.86,233694,233161.14,Lilit,1
3/13/2019,Credit Card Payment,301.79,102362,102060.21,Lilit,1
3/14/2019,Credit Card Payment,305.27,108296,107990.73,Lilit,1
3/14/2019,Credit Card Payment,301.79,258275,257973.21,Lilit,1
3/14/2019,Brunch Restaurant,8,194260,194252,Lilit,1
3/15/2019,Biweekly Paycheck,2000,167903,165903,Lilit,1
3/15/2019,Power Company,60,128266,128206,Lilit,1
3/18/2019,Best Buy,320.99,268543,268222.01,Lilit,1
3/18/2019,Grocery Store,16.23,30653,30636.77,Lilit,1
3/19/2019,Amazon,13.84,189981,189967.16,Lilit,1
3/19/2019,City Water Charges,35,230325,230290,Lilit,1
3/20/2019,State Farm,75,176871,176796,Lilit,1
3/22/2019,BP,37.51,171241,171203.49,Lilit,1
3/23/2019,Starbucks,5.2,91846,91840.8,Lilit,1
3/25/2019,Internet Service Provider,75,162813,162738,Lilit,1
3/26/2019,Amazon,16.04,28569,28552.96,Lilit,1
3/27/2019,Brewing Company,49.63,231827,231777.37,Lilit,1
3/27/2019,Grocery Store,4.46,281283,281278.54,Lilit,1
3/29/2019,Biweekly Paycheck,2000,291358,289358,Lilit,1
3/30/2019,Starbucks,12.84,288888,288875.16,Lilit,1
3/31/2019,Credit Card Payment,957.6,283575,282617.4,Lilit,1
4/1/2019,Credit Card Payment,1552.65,132827,131274.35,Lilit,1
4/1/2019,Credit Card Payment,600.51,200721,200120.49,Lilit,1
4/1/2019,Amazon,13.09,190220,190206.91,Lilit,1
4/2/2019,Mortgage Payment,1100,265508,264408,Lilit,1
4/4/2019,Grocery Store,5.64,298838,298832.36,Lilit,1
4/4/2019,Amazon,35.9,203106,203070.1,Lilit,1
4/4/2019,Netflix,11.76,196647,196635.24,Lilit,1
4/6/2019,Amazon,27.54,136602,136574.46,Lilit,1
4/8/2019,Gas Company,30,236980,236950,Lilit,1
4/9/2019,Credit Card Payment,436.75,59121,58684.25,Lilit,1
4/9/2019,Grocery Store,10.7,193944,193933.3,Lilit,1
4/9/2019,Barbershop,30,109857,109827,Lilit,1
4/9/2019,Spotify,10.69,57768,57757.31,Lilit,1
4/10/2019,Phone Company,65,207196,207131,Lilit,1
4/12/2019,Best Buy,44.93,8056,8011.07,Lilit,1
4/12/2019,Grocery Store,41.34,178478,178436.66,Lilit,1
4/12/2019,Biweekly Paycheck,2000,246046,244046,Lilit,1
4/13/2019,QuikTrip,38.94,192382,192343.06,Lilit,1
4/13/2019,Grocery Store,16.87,19158,19141.13,Lilit,1
4/13/2019,Vietnamese Restaurant,20.64,9552,9531.36,Lilit,1
4/15/2019,Power Company,60,276862,276802,Lilit,1
4/16/2019,City Water Charges,35,147958,147923,Lilit,1
4/18/2019,State Farm,75,151436,151361,Lilit,1
4/18/2019,Credit Card Payment,604.32,271595,270990.68,Lilit,1
4/18/2019,Credit Card Payment,458.1,8115,7656.9,Lilit,1
4/19/2019,Credit Card Payment,604.32,73172,72567.68,Lilit,1
4/19/2019,Grocery Store,10.89,196816,196805.11,Lilit,1
4/22/2019,Brewing Company,14.4,162829,162814.6,Lilit,1
4/22/2019,Greek Restaurant,64.52,252669,252604.48,Lilit,1
4/23/2019,Hardware Store,29.56,54746,54716.44,Lilit,1
4/25/2019,Internet Service Provider,75,108079,108004,Lilit,1
4/26/2019,Biweekly Paycheck,2000,240804,238804,Lilit,1
4/27/2019,Brewing Company,40,11289,11249,Lilit,1
4/27/2019,Credit Card Payment,268.96,127020,126751.04,Lilit,1
4/27/2019,American Tavern,14.74,114777,114762.26,Lilit,1
4/29/2019,Credit Card Payment,268.96,88003,87734.04,Lilit,1
4/29/2019,Grocery Store,5.64,153154,153148.36,Armen,2
4/30/2019,BP,39.08,114863,114823.92,Armen,2
5/1/2019,Amazon,13.09,126912,126898.91,Armen,2
5/2/2019,Mortgage Payment,1100,12621,11521,Armen,2
5/3/2019,Credit Card Payment,758.07,248699,247940.93,Armen,2
5/4/2019,Netflix,13.9,232388,232374.1,Armen,2
5/6/2019,Amazon,16.94,168039,168022.06,Armen,2
5/7/2019,Amazon,38.56,122944,122905.44,Armen,2
5/9/2019,Best Buy,331.69,171746,171414.31,Armen,2
5/9/2019,Spotify,10.69,168495,168484.31,Armen,2
5/9/2019,Target,3.2,252614,252610.8,Armen,2
5/9/2019,Gas Company,30,233161,233131,Armen,2
5/10/2019,Best Buy,21.39,85459,85437.61,Armen,2
5/10/2019,Phone Company,65,156075,156010,Armen,2
5/10/2019,Biweekly Paycheck,2000,161329,159329,Armen,2
5/13/2019,Credit Card Payment,480.88,183105,182624.12,Armen,2
5/13/2019,QuikTrip,35.24,252691,252655.76,Armen,2
5/13/2019,Fancy Restaurant,98.19,221345,221246.81,Armen,2
5/13/2019,Greek Restaurant,23.11,131014,130990.89,Armen,2
5/14/2019,Grocery Store,2.02,21571,21568.98,Armen,2
5/15/2019,Power Company,60,152307,152247,Armen,2
5/17/2019,Credit Card Payment,575.33,193060,192484.67,Armen,2
5/17/2019,City Water Charges,35,133084,133049,Armen,2
5/20/2019,State Farm,75,194361,194286,Armen,2
5/20/2019,Credit Card Payment,415.47,286369,285953.53,Armen,2
5/20/2019,American Tavern,32.53,294814,294781.47,Armen,2
5/24/2019,Credit Card Payment,765.68,276647,275881.32,Armen,2
5/24/2019,Hardware Store,27.96,269712,269684.04,Armen,2
5/24/2019,Biweekly Paycheck,2000,167306,165306,Armen,2
5/24/2019,Brunch Restaurant,8,102247,102239,Armen,2
5/25/2019,QuikTrip,36.76,169677,169640.24,Armen,2
5/25/2019,Hardware Store,30.99,253586,253555.01,Armen,2
5/27/2019,Mexican Restaurant,34.33,285567,285532.67,Armen,2
5/28/2019,Credit Card Payment,765.68,155529,154763.32,Armen,2
5/30/2019,Internet Service Provider,75,214039,213964,Armen,2
5/30/2019,American Tavern,34.82,25392,25357.18,Armen,2
6/1/2019,Amazon,13.09,157972,157958.91,Armen,2
6/3/2019,Starbucks,2.75,200754,200751.25,Armen,2
6/3/2019,Credit Card Payment,260.95,24981,24720.05,Armen,2
6/3/2019,Mortgage Payment,1100,223418,222318,Armen,2
6/4/2019,Barbershop,30,23309,23279,Armen,2
6/4/2019,Netflix,13.9,85771,85757.1,Armen,2
6/5/2019,Grocery Store,23,189297,189274,Armen,2
6/5/2019,Mexican Restaurant,23.24,125003,124979.76,Armen,2
6/6/2019,Starbucks,3.75,226929,226925.25,Armen,2
6/6/2019,Grocery Store,5.64,176275,176269.36,Armen,2
6/7/2019,Credit Card Payment,458.56,253338,252879.44,Armen,2
6/7/2019,Biweekly Paycheck,2000,213508,211508,Armen,2
6/7/2019,Gas Company,30,147766,147736,Armen,2
6/9/2019,Spotify,10.69,275085,275074.31,Armen,2
6/12/2019,Phone Company,65,40010,39945,Armen,2
6/13/2019,Credit Card Payment,152.72,66775,66622.28,Armen,2
6/13/2019,Credit Card Payment,152.72,292554,292401.28,Armen,2
6/14/2019,Grocery Store,10.69,263104,263093.31,Armen,2
6/15/2019,BP,33.16,154806,154772.84,Armen,2
6/17/2019,City Water Charges,35,129650,129615,Armen,2
6/17/2019,Power Company,60,249446,249386,Armen,2
6/18/2019,Brewing Company,15,135794,135779,Armen,2
6/18/2019,Shell,41.83,16468,16426.17,Armen,2
6/19/2019,State Farm,75,185621,185546,Armen,2
6/20/2019,Credit Card Payment,375.26,279320,278944.74,Armen,2
6/20/2019,Mike's Construction Co.,9200,271787,262587,Armen,2
6/20/2019,Credit Card Payment,100.68,64241,64140.32,Armen,2
6/21/2019,Credit Card Payment,100.68,297737,297636.32,Armen,2
6/21/2019,Biweekly Paycheck,2000,192039,190039,Armen,2
6/24/2019,Brewing Company,15,39866,39851,Armen,2
6/28/2019,BP,30.64,112782,112751.36,Armen,2
6/30/2019,Internet Service Provider,75,113433,113358,Armen,2
7/1/2019,Starbucks,7,95081,95074,Armen,2
7/1/2019,Grocery Store,99.47,148769,148669.53,Armen,2
7/1/2019,Hawaiian Grill,24.97,161873,161848.03,Armen,2
7/1/2019,Thai Restaurant,24,225071,225047,Armen,2
7/1/2019,Amazon,13.09,260239,260225.91,Armen,2
7/2/2019,Hardware Store,229.9,161682,161452.1,Armen,2
7/2/2019,Mortgage Payment,1100,59926,58826,Armen,2
7/4/2019,Netflix,13.9,22964,22950.1,Armen,2
7/5/2019,Brewing Company,19,48570,48551,Armen,2
7/5/2019,Biweekly Paycheck,2250,52970,50720,Armen,2
7/6/2019,Credit Card Payment,220.08,13160,12939.92,Armen,2
7/6/2019,Grocery Store,92.98,295163,295070.02,Armen,2
7/6/2019,Greek Restaurant,23.26,158649,158625.74,Armen,2
7/7/2019,Hardware Store,103.14,120780,120676.86,Armen,2
7/8/2019,Credit Card Payment,305.28,72366,72060.72,Armen,2
7/8/2019,Credit Card Payment,220.08,281805,281584.92,Armen,2
7/9/2019,Credit Card Payment,549.72,197325,196775.28,Armen,2
7/9/2019,Spotify,10.69,167243,167232.31,Armen,2
7/10/2019,Phone Company,65,34451,34386,Armen,2
7/10/2019,Gas Company,30,30120,30090,Armen,2
7/15/2019,Grocery Store,87.14,189018,188930.86,Armen,2
7/16/2019,Amazon,89.99,237971,237881.01,Armen,2
7/16/2019,Power Company,60,71741,71681,Armen,2
7/17/2019,City Water Charges,35,231370,231335,Armen,2
7/18/2019,State Farm,75,166896,166821,Armen,2
7/18/2019,Credit Card Payment,814.5,116086,115271.5,Armen,2
7/18/2019,BP,36.42,35506,35469.58,Armen,2
7/18/2019,Grocery Store,29.83,247122,247092.17,Armen,2
7/18/2019,Brunch Restaurant,8.82,230876,230867.18,Armen,2
7/19/2019,Credit Card Payment,115.52,20358,20242.48,Armen,2
7/19/2019,Biweekly Paycheck,2250,162487,160237,Armen,2
7/19/2019,Mexican Restaurant,28,245076,245048,Armen,2
7/22/2019,Credit Card Payment,257.08,217488,217230.92,Armen,2
7/22/2019,Thai Restaurant,26.67,23818,23791.33,Armen,2
7/23/2019,Credit Card Payment,257.08,298295,298037.92,Armen,2
7/24/2019,Starbucks,2.5,264509,264506.5,Armen,2
7/27/2019,Barbershop,30,127526,127496,Armen,2
7/28/2019,Hardware Store,44.31,158856,158811.69,Armen,2
7/29/2019,Grocery Store,5.35,233893,233887.65,Armen,2
7/29/2019,Fancy Restaurant,44.92,61388,61343.08,Armen,2
7/30/2019,Grocery Store,15.77,149081,149065.23,Armen,2
7/30/2019,Internet Service Provider,75,103225,103150,Armen,2
8/1/2019,Amazon,13.09,254211,254197.91,Armen,2
8/2/2019,Mortgage Payment,1100,64034,62934,Armen,2
8/2/2019,Biweekly Paycheck,2250,27479,25229,Armen,2
8/3/2019,BP,36.36,175112,175075.64,Armen,2
8/3/2019,Grocery Store,3.96,9001,8997.04,Armen,2
8/3/2019,American Tavern,23.47,115150,115126.53,Armen,2
8/4/2019,Netflix,13.9,15615,15601.1,Armen,2
8/5/2019,Brewing Company,18,56905,56887,Armen,2
8/5/2019,Credit Card Payment,349.28,83916,83566.72,Armen,2
8/5/2019,Credit Card Payment,117.65,123754,123636.35,Armen,2
8/6/2019,Credit Card Payment,521.17,81289,80767.83,Armen,2
8/6/2019,Credit Card Payment,117.65,70494,70376.35,Armen,2
8/6/2019,Hardware Store,125,268849,268724,Armen,2
8/8/2019,Grocery Store,11.72,154645,154633.28,Armen,2
8/9/2019,Spotify,10.69,187546,187535.31,Armen,2
8/9/2019,Gas Company,30,209232,209202,Armen,2
8/12/2019,Phone Company,65,9999,9934,Armen,2
8/12/2019,Thai Restaurant,26.67,106503,106476.33,Armen,2
8/14/2019,Starbucks,2.75,183105,183102.25,Armen,2
8/15/2019,Credit Card Payment,335.2,14531,14195.8,Armen,2
8/15/2019,Power Company,60,75187,75127,Armen,2
8/16/2019,Biweekly Paycheck,2250,241709,239459,Armen,2
8/16/2019,City Water Charges,35,41266,41231,Armen,2
8/17/2019,Credit Card Payment,87.17,151734,151646.83,Armen,2
8/17/2019,Grocery Store,33.15,49249,49215.85,Armen,2
8/17/2019,Barbershop,19,7448,7429,Armen,2
8/17/2019,American Tavern,3.5,38146,38142.5,Armen,2
8/19/2019,Credit Card Payment,1248.95,130542,129293.05,Armen,2
8/20/2019,State Farm,75,267807,267732,Armen,2
8/20/2019,Starbucks,2.75,205047,205044.25,Armen,2
8/21/2019,Shell,34.69,173596,173561.31,Armen,2
8/23/2019,Starbucks,2.75,222368,222365.25,Armen,2
8/25/2019,Brunch Restaurant,39.43,283399,283359.57,Armen,2
8/26/2019,Hardware Store,66.75,291839,291772.25,Armen,2
8/29/2019,Starbucks,3,222487,222484,Armen,2
8/30/2019,Starbucks,2.75,236449,236446.25,Armen,2
8/30/2019,Internet Service Provider,75,152705,152630,Armen,2
8/30/2019,Biweekly Paycheck,2250,36575,34325,Armen,2
8/31/2019,Hardware Store,68.04,194493,194424.96,Armen,2
8/31/2019,BBQ Restaurant,41.78,58116,58074.22,Armen,2
9/1/2019,Amazon,13.09,179481,179467.91,Armen,2
9/3/2019,Mortgage Payment,1100,205735,204635,Armen,2
9/3/2019,Fancy Restaurant,41.24,249400,249358.76,Armen,2
9/4/2019,Netflix,13.9,213000,212986.1,Armen,2
9/5/2019,Starbucks,3.75,174245,174241.25,Armen,2
9/6/2019,Credit Card Payment,1390.37,191860,190469.63,Armen,2
9/6/2019,Credit Card Payment,1390.37,156171,154780.63,Armen,2
9/6/2019,Credit Card Payment,502.75,183633,183130.25,Armen,2
9/7/2019,Brewing Company,12.87,282970,282957.13,Armen,2
9/8/2019,Brewing Company,19.3,67213,67193.7,Armen,2
9/9/2019,Shell,28.77,299122,299093.23,Armen,2
9/9/2019,Grocery Store,65.09,132237,132171.91,Armen,2
9/9/2019,Hardware Store,26.25,64149,64122.75,Armen,2
9/9/2019,Spotify,10.69,106831,106820.31,Armen,2
9/9/2019,Gas Company,30,147225,147195,Armen,2
9/11/2019,Credit Card Payment,360.56,53822,53461.44,Armen,2
9/11/2019,Phone Company,65,74794,74729,Armen,2
9/12/2019,Credit Card Payment,360.56,29985,29624.44,Armen,2
9/13/2019,Starbucks,2.75,239856,239853.25,Armen,2
9/13/2019,Biweekly Paycheck,2250,168234,165984,Armen,2
9/14/2019,Grocery Store,46.44,10476,10429.56,Armen,2
9/15/2019,Amazon,47.66,210425,210377.34,Armen,2
9/16/2019,Credit Card Payment,90.57,171803,171712.43,Armen,2
9/16/2019,Credit Card Payment,90.57,31365,31274.43,Armen,2
9/16/2019,City Water Charges,35,231629,231594,Armen,2
9/17/2019,Credit Card Payment,186.13,79856,79669.87,Armen,2
9/17/2019,Power Company,60,129599,129539,Armen,2
9/18/2019,State Farm,75,177579,177504,Armen,2
9/18/2019,Credit Card Payment,1606.46,230362,228755.54,Armen,2
9/19/2019,Brewing Company,40.81,285777,285736.19,Armen,2
9/19/2019,Starbucks,2.75,213640,213637.25,Armen,2
9/20/2019,Credit Card Payment,9.43,214511,214501.57,Armen,2
9/22/2019,Seafood Restaurant,131.1,36849,36717.9,Armen,2
9/23/2019,Credit Card Payment,9.43,160601,160591.57,Armen,2
9/23/2019,Grocery Store,27.71,273374,273346.29,Armen,2
9/23/2019,Amazon,24.63,49592,49567.37,Armen,2
9/27/2019,Biweekly Paycheck,2250,287849,285599,Armen,2
9/28/2019,BP,33.46,290413,290379.54,Mari,3
9/28/2019,Sheetz,4.27,253375,253370.73,Mari,3
9/30/2019,Starbucks,1.75,251295,251293.25,Mari,3
9/30/2019,Internet Service Provider,75,236861,236786,Mari,3
